"Participant","Date Taken (Europe/Dublin)","Browser","OS","City","Country","Referrer","Time Spent","Q1 - What system do you currently own and play games on? Check all that apply (PlayStation 5)","Q1 - What system do you currently own and play games on? Check all that apply (PlayStation 4)","Q1 - What system do you currently own and play games on? Check all that apply (PlayStation 3)","Q1 - What system do you currently own and play games on? Check all that apply (Xbox Series X/S)","Q1 - What system do you currently own and play games on? Check all that apply (Xbox One)","Q1 - What system do you currently own and play games on? Check all that apply (Xbox 360)","Q1 - What system do you currently own and play games on? Check all that apply (Nintendo Switch)","Q1 - What system do you currently own and play games on? Check all that apply (Nintendo WiiU)","Q1 - What system do you currently own and play games on? Check all that apply (Nintendo Wii)","Q1 - What system do you currently own and play games on? Check all that apply (Nintendo DS)","Q1 - What system do you currently own and play games on? Check all that apply (PC)","Q1 - What system do you currently own and play games on? Check all that apply (Mac)","Q1 - What system do you currently own and play games on? Check all that apply (Linux)","Q1 - What system do you currently own and play games on? Check all that apply (Mobile)","Q2 - How much time (in hours) a week do you spend playing video games? (Low)","Q2 - How much time (in hours) a week do you spend playing video games? (High)","Q3 - Rate these genres on how much you enjoy them. (1 being low, 10 being high) (Action)","Q3 - Rate these genres on how much you enjoy them. (1 being low, 10 being high) (Beat 'em up)","Q3 - Rate these genres on how much you enjoy them. (1 being low, 10 being high) (Hack 'n' Slash)","Q3 - Rate these genres on how much you enjoy them. (1 being low, 10 being high) (Fighting)","Q3 - Rate these genres on how much you enjoy them. (1 being low, 10 being high) (Platform)","Q3 - Rate these genres on how much you enjoy them. (1 being low, 10 being high) (Shooter)","Q3 - Rate these genres on how much you enjoy them. (1 being low, 10 being high) (Survival)","Q3 - Rate these genres on how much you enjoy them. (1 being low, 10 being high) (Battle royale)","Q3 - Rate these genres on how much you enjoy them. (1 being low, 10 being high) (Action-adventure)","Q3 - Rate these genres on how much you enjoy them. (1 being low, 10 being high) (Stealth)","Q3 - Rate these genres on how much you enjoy them. (1 being low, 10 being high) (Survival horror)","Q3 - Rate these genres on how much you enjoy them. (1 being low, 10 being high) (Adventure)","Q3 - Rate these genres on how much you enjoy them. (1 being low, 10 being high) (Role-playing)","Q3 - Rate these genres on how much you enjoy them. (1 being low, 10 being high) (Simulation)","Q3 - Rate these genres on how much you enjoy them. (1 being low, 10 being high) (Sports)","Q3 - Rate these genres on how much you enjoy them. (1 being low, 10 being high) (Strategy)","Q3 - Rate these genres on how much you enjoy them. (1 being low, 10 being high) (Multiplayer online battle arena)","Q3 - Rate these genres on how much you enjoy them. (1 being low, 10 being high) (Real-time strategy)","Q3 - Rate these genres on how much you enjoy them. (1 being low, 10 being high) (Turn-based strategy)","Q3 - Rate these genres on how much you enjoy them. (1 being low, 10 being high) (Horror)","Q3 - Rate these genres on how much you enjoy them. (1 being low, 10 being high) (Massively multiplayer online)","Q3 - Rate these genres on how much you enjoy them. (1 being low, 10 being high) (Puzzle)","Q4 - Which of these elements do you usually look for when picking a game to play? Check all that apply (Story)","Q4 - Which of these elements do you usually look for when picking a game to play? Check all that apply (Multiplayer)","Q4 - Which of these elements do you usually look for when picking a game to play? Check all that apply (Replayability)","Q4 - Which of these elements do you usually look for when picking a game to play? Check all that apply (Length)","Q4 - Which of these elements do you usually look for when picking a game to play? Check all that apply (Gameplay)","Q4 - Which of these elements do you usually look for when picking a game to play? Check all that apply (Atmosphere)","Q4 - Which of these elements do you usually look for when picking a game to play? Check all that apply (Graphics)","Q4 - Which of these elements do you usually look for when picking a game to play? Check all that apply (Difficulty)","Q4 - Which of these elements do you usually look for when picking a game to play? Check all that apply (Relaxing)","Q4 - Which of these elements do you usually look for when picking a game to play? Check all that apply (Genre)","Q4 - Which of these elements do you usually look for when picking a game to play? Check all that apply (Other (if more than one separate with a comma))","Q5 - How do you purchase games?","Q6 - How do you currently get game recommendations (Reviews)","Q6 - How do you currently get game recommendations (Friends)","Q6 - How do you currently get game recommendations (Online Streamers)","Q6 - How do you currently get game recommendations (Previews before release)","Q6 - How do you currently get game recommendations (Other)","Q7 - Would you like to recommend any video games? (Optional)"
"anonymous","11/21/2020 14:15","Chrome","Android","An Muileann gCearr","Ireland","-","0:02:21","-","true","-","-","-","-","-","-","-","-","true","-","-","-","-","-",4,3,3,3,5,6,7,8,8,6,1,10,7,5,1,8,8,3,2,1,6,"-","true","true","-","-","-","true","true","-","-","-","-","-","-","true","true","true","-","-"
"anonymous","11/21/2020 14:26","Chrome","Android","Dublin","Ireland","-","0:02:07","-","-","-","-","true","-","-","-","-","-","true","-","-","-","-","-",6,8,7,6,6,10,9,6,8,10,10,6,10,7,5,4,4,8,6,10,7,"-","true","true","true","-","true","-","-","-","-","true","-","-","-","true","true","true","-","Warzone"
"anonymous","11/21/2020 14:49","WebKit","iOS","Dublin","Ireland","http://m.facebook.com","0:03:07","true","true","-","-","-","-","true","-","-","-","-","-","-","-","-","-",10,9,9,4,7,10,10,10,10,9,10,8,7,3,7,7,8,7,9,7,4,3,"true","-","true","true","true","true","-","-","-","-","-","Digital","true","true","true","-","-","Last of Us Part II. Uncharted 4. Witcher 3. Black Ops Zombies."
"anonymous","11/21/2020 14:51","Facebook","Android","Dublin","Ireland","http://m.facebook.com/","0:04:33","true","true","-","-","-","-","-","-","-","-","true","-","-","-","-","-",10,8,8,8,9,7,9,9,10,8,7,9,8,5,4,4,9,6,4,9,6,7,"true","-","true","-","true","true","-","-","true","-","-","Digital","true","-","-","-","YouTube","Astros playroom, really good platforming sections"
"anonymous","11/21/2020 15:09","Chrome","Android","Naas","Ireland","https://t.co/","0:04:49","-","true","true","-","-","true","true","-","true","true","true","-","-","true",0,8,8,4,5,2,8,8,7,4,8,4,2,8,9,3,1,7,7,10,7,1,8,7,"true","-","true","true","true","true","-","true","-","true","-","Disk","true","true","true","true","-","Enter the Gungeon is incredible. Great replayability. Fantastic learning curve. It's always difficult and presents a challenge."
"anonymous","11/21/2020 15:13","Facebook","Android","Newton Abbot","United Kingdom","http://m.facebook.com/","0:07:22","-","-","-","-","true","true","true","-","-","true","true","-","-","-",0,10,6,8,8,8,8,5,6,6,7,6,2,8,8,8,3,8,6,6,8,2,7,6,"true","-","true","-","-","true","-","true","-","true","-","Digital","true","true","-","-","-","-"
"anonymous","11/21/2020 15:40","WebKit","iOS","Tallaght","Ireland","http://m.facebook.com","0:02:29","true","-","-","-","-","-","-","-","-","-","true","-","-","true",10,35,10,4,5,2,8,10,7,10,10,9,3,8,9,6,1,7,9,4,7,2,10,4,"true","true","true","true","true","-","true","-","true","true","-","Digital","true","true","true","true","-","-"
"anonymous","11/21/2020 15:42","WebKit","iOS","Dublin","Ireland","http://m.facebook.com","0:05:41","-","-","-","-","true","true","-","-","-","-","true","-","-","true",4,12,8,5,4,5,7,9,8,9,9,8,5,9,9,9,7,8,6,8,7,4,7,3,"true","true","-","-","true","true","-","-","true","-","-","Digital","true","true","-","-","-","Wolf among us"
"anonymous","11/21/2020 15:59","Facebook","Android","Droichead Nua","Ireland","http://m.facebook.com/","0:04:20","-","true","-","-","-","-","-","-","-","-","true","-","-","-",10,30,8,2,4,8,8,8,5,1,9,1,1,9,9,1,1,1,1,2,1,4,10,8,"true","true","true","true","true","-","true","true","-","-","-","Digital","-","true","true","-","-","Destiny 2, Bloodborne, Assassin's Creed: Odyssey, God of War, CSGO, MK11, Horizon: Zero Dawn"
"anonymous","11/21/2020 15:59","WebKit","iOS","Aberdeen","United Kingdom","-","0:03:20","-","-","-","-","-","-","-","-","-","-","true","-","-","-",0,7,1,1,1,1,2,1,1,1,1,1,1,3,7,5,1,9,1,2,10,1,1,4,"-","-","true","-","true","-","-","-","-","true","-","Digital","true","-","true","true","-","Civilization 4 and 6"
"anonymous","11/21/2020 16:02","Chrome","Android","Milan","Italy","android-app://com.laurencedawson.reddit_sync/","0:04:19","-","-","-","-","-","-","-","-","-","-","true","-","-","-",16,30,10,1,1,1,1,10,1,1,1,1,1,1,1,10,1,1,1,1,1,1,1,1,"-","-","-","-","-","-","-","-","-","-","realism","Digital","-","-","-","-","reddit","basically the only one I've been playing for the past 4 years and a half, it's called h3vr (Hotdogs, Horseshoes and Handgrenades"
"anonymous","11/21/2020 16:06","Facebook","Android","Dublin","Ireland","http://m.facebook.com/","0:02:37","-","-","-","-","-","-","-","-","-","-","true","-","-","true",8,20,8,5,5,7,3,10,10,5,6,7,7,5,8,9,9,5,9,6,6,5,10,4,"true","true","true","true","true","-","true","-","-","-","-","Digital","true","true","-","true","-","-"
"anonymous","11/21/2020 16:08","Mobile Safari","iOS","Chicago","United States","-","0:01:33","-","true","-","-","-","true","-","-","-","-","-","-","-","-",10,23,9,3,3,1,5,9,7,9,9,3,1,9,9,8,8,8,6,5,5,2,1,7,"true","true","true","-","true","true","-","-","-","true","-","Digital","-","true","true","-","-","-"
"anonymous","11/21/2020 16:08","Firefox","Windows","Highland Springs","United States","https://www.reddit.com/r/SampleSize/new/","0:03:41","-","true","true","-","-","true","true","-","-","true","true","-","-","true",8,14,5,2,2,1,7,3,2,1,7,3,1,5,10,5,1,7,1,6,7,2,5,5,"true","-","-","-","true","true","-","-","-","true","Characters/character writing, inclusivity/representation","Disk","true","true","-","-","Message boards, LGBT-specific websites","The one I've been recommending most lately is Fire Emblem: Three Houses. It has strong gameplay, good character writing, and an interesting narrative with multiple paths. And they even finally figured out that people who aren't straight exist!"
"anonymous","11/21/2020 16:24","Chrome","Windows","Elmhurst","United States","https://www.reddit.com/","0:01:51","-","-","-","-","-","-","-","-","-","-","true","-","-","-",14,28,8,3,1,2,2,7,6,2,8,6,2,6,6,4,1,10,2,10,10,2,2,1,"true","-","true","true","true","true","-","-","-","true","-","Digital","true","true","-","true","-","-"
"anonymous","11/21/2020 16:31","Chrome","Android","Dublin","Ireland","-","0:03:59","true","true","-","true","true","-","true","-","-","-","true","-","-","-",0,25,9,6,7,4,8,9,7,4,9,8,5,8,9,5,4,5,4,5,6,4,8,7,"true","-","-","-","true","true","true","-","-","true","-","Disk","true","true","-","true","-","-"
"anonymous","11/21/2020 16:32","Chrome","Windows","Köln","Germany","https://www.reddit.com/","0:04:14","-","-","-","-","-","-","-","-","-","-","true","-","-","-",40,50,6,2,1,1,1,8,6,5,6,4,1,5,5,9,2,7,9,5,9,1,10,2,"-","true","-","-","true","true","true","true","-","true","-","Digital","true","-","true","-","-","-"
"anonymous","11/21/2020 16:55","Chrome","Android","Moscow","Russia","-","0:02:08","-","-","-","-","-","-","-","-","-","-","true","-","-","true",0,6,6,3,3,1,1,7,6,4,8,3,5,10,10,8,1,10,3,10,10,4,5,2,"true","-","-","-","true","true","-","-","-","true","-","Digital","true","-","true","-","-","-"
"anonymous","11/21/2020 16:57","Chrome","Windows","Portsmouth","United Kingdom","-","0:02:09","-","-","-","-","true","-","true","-","-","-","true","-","-","true",0,30,8,6,7,3,5,7,7,7,8,7,4,7,10,7,6,9,2,7,9,2,6,6,"true","-","-","true","true","-","true","true","-","true","-","Digital","-","true","-","-","-","-"
"anonymous","11/21/2020 17:11","Chrome","Windows","Dublin","Ireland","https://l.facebook.com/","0:01:59","-","-","-","-","-","-","-","-","-","true","-","-","-","-",1,3,3,4,3,5,6,1,4,5,7,3,2,9,9,5,1,6,2,4,8,1,2,5,"true","-","true","-","-","-","-","-","-","true","-","Disk","-","true","-","-","-","-"
"anonymous","11/21/2020 17:22","Facebook","Android","Edenderry","Ireland","http://m.facebook.com/","0:04:23","-","-","-","-","true","-","true","-","-","-","true","-","-","-",5,30,6,6,7,6,3,3,6,4,7,6,7,9,10,9,3,6,8,6,6,8,9,6,"true","-","-","-","true","true","-","-","-","-","Smooth, interesting combat ","Digital","true","true","true","-","-","Dark Souls 3, just in case you haven't played it. 
Kentucky Route Zero deserves more love than it gets."
"anonymous","11/21/2020 17:24","Chrome","Android","Celbridge","Ireland","android-app://m.facebook.com/","0:02:37","-","-","-","-","true","-","true","-","-","-","-","-","-","-",0,50,8,4,5,3,5,8,2,1,9,7,1,10,10,2,1,3,1,2,2,2,3,8,"true","-","-","-","true","true","-","-","-","true","-","Digital","true","true","-","-","-","Doom 2016, Ace Attorney, Hades"
"anonymous","11/21/2020 17:29","Chrome","Windows","Diemen","Netherlands","https://www.reddit.com/","0:02:46","-","-","-","-","-","-","-","-","-","-","true","-","-","-",5,15,8,6,7,6,9,8,10,8,8,9,10,8,7,5,4,6,7,6,8,10,10,8,"-","-","-","-","true","true","true","-","-","-","-","Digital","-","true","true","-","-","Phasmophobia"
"anonymous","11/21/2020 17:31","Chrome","Android","Dublin","Ireland","-","0:06:03","-","true","-","-","-","-","true","-","-","-","true","-","true","-",10,30,8,6,6,5,7,9,4,1,7,7,5,8,8,7,2,6,8,5,4,5,7,8,"true","-","-","true","true","-","-","-","-","-","-","Digital","true","true","true","-","-","-"
"anonymous","11/21/2020 17:32","Firefox","Android","Lincoln","United States","-","0:01:53","-","-","true","-","-","-","true","-","true","-","true","-","-","-",5,20,7,1,1,2,10,1,4,8,9,2,4,10,10,7,1,2,3,4,1,1,7,10,"true","true","true","-","true","-","true","true","-","-","-","Digital","-","true","-","-","-","-"
"anonymous","11/21/2020 17:42","Chrome","Windows","Poznań","Poland","-","0:02:32","-","-","-","-","-","-","-","-","-","-","true","-","-","-",15,40,4,1,1,1,6,8,3,7,5,2,1,6,9,1,1,10,6,3,10,1,1,1,"-","true","-","-","true","-","-","-","-","-","-","Digital","-","true","-","-","-","-"
"anonymous","11/21/2020 17:46","Chrome","Windows","Mechelen","Belgium","https://www.reddit.com/","0:03:13","-","-","-","-","-","-","true","-","-","-","true","-","-","true",21,35,6,7,7,5,5,6,7,1,8,4,3,4,9,7,2,8,8,8,7,5,6,7,"true","-","true","-","true","-","-","-","-","true","-","Digital","true","true","-","true","-","-"
"anonymous","11/21/2020 17:50","Safari","Mac OS","Renfrew","United Kingdom","https://l.facebook.com","0:02:27","-","true","-","-","-","-","-","-","true","true","true","-","-","true",0,10,3,8,8,8,9,7,9,2,5,7,8,8,10,10,3,7,5,5,7,9,9,7,"true","true","-","-","true","-","-","true","-","true","-","Disk","true","true","-","true","-","Avengers 
Spiderman
COD Modern Warfare"
"anonymous","11/21/2020 18:08","Mobile Safari","iOS","Cheektowaga","United States","-","0:05:37","-","-","-","-","-","-","-","-","-","-","true","-","-","-",14,50,2,1,1,3,3,5,3,4,3,3,1,4,5,2,1,4,3,4,4,1,3,4,"true","true","-","-","-","true","-","true","-","true","-","Digital","true","true","true","true","-","Diabotical - the latest attempt at an AFPS"
"anonymous","11/21/2020 18:08","Mobile Safari","iOS","Boston","United States","-","0:01:30","-","-","-","-","-","-","-","-","-","-","true","-","-","-",10,20,3,1,1,5,4,5,1,3,6,2,3,5,6,1,1,7,5,4,3,1,7,5,"true","true","true","-","true","-","-","true","-","true","-","Digital","-","true","-","-","-","-"
"anonymous","11/21/2020 18:10","Facebook","Android","Turku","Finland","https://lm.facebook.com/","0:03:01","-","true","-","-","-","-","-","-","-","-","true","-","-","true",0,1,1,1,1,1,1,1,1,1,2,1,1,2,1,1,1,2,1,1,1,1,1,1,"-","-","-","-","-","-","-","-","-","true","-","Disk","true","true","-","-","-","-"
"anonymous","11/21/2020 18:11","Mobile Safari","iOS","Cottage Grove","United States","-","0:02:01","-","-","-","-","-","-","true","true","-","true","true","-","-","true",5,10,8,5,2,7,10,6,3,5,10,7,1,10,10,7,1,7,7,6,8,4,2,9,"true","-","true","-","true","true","-","-","-","true","-","Disk","-","true","true","true","-","-"
"anonymous","11/21/2020 18:11","Chrome","Android","Freiburg","Germany","-","0:01:33","-","-","-","-","-","-","-","-","-","-","true","-","-","-",0,15,3,3,3,2,4,3,4,2,4,3,3,4,3,3,2,3,2,3,3,3,4,3,"true","-","-","true","true","true","-","-","true","-","-","Digital","-","true","-","-","-","-"
"anonymous","11/21/2020 18:13","Mobile Safari","iOS","Bellevue","United States","-","0:07:59","-","true","-","-","true","-","true","-","-","true","true","-","-","true",0,37,6,1,2,2,4,6,8,8,8,7,3,9,10,10,2,10,1,9,10,1,9,9,"true","-","true","true","true","true","-","-","true","true","-","Digital","true","true","true","true","-","Crusader Kings III"
"anonymous","11/21/2020 18:13","Chrome","Windows","Cwmbran","United Kingdom","https://l.facebook.com/","0:02:24","-","-","-","-","true","-","-","-","-","-","-","-","-","true",2,16,7,4,3,6,4,8,8,10,4,5,2,6,5,5,1,6,2,3,3,2,9,10,"true","-","-","-","-","true","true","-","true","-","-","Digital","true","true","-","-","-","The Witcher 3: the wild hunt."
"anonymous","11/21/2020 18:24","Chrome","Android","Killarney","Ireland","https://m.facebook.com/","0:08:33","-","-","-","-","-","-","true","-","-","-","true","-","-","-",10,20,"-",1,10,"-",8,10,3,8,8,5,1,8,8,1,1,10,10,"-",10,1,10,10,"true","true","true","-","true","true","-","-","-","-","I brought my switch just for nostalgia playing Mario games ","Digital","true","-","true","-","Watching gameplay on youtube mainly ","I recently started playing Overwatch and it has been what I have been missing all this time. It's such a happy vibe when I need a break from COD"
"anonymous","11/21/2020 18:28","Chrome","Mac OS","Toronto","Canada","https://www.reddit.com/","0:03:09","-","-","-","-","true","-","true","-","true","true","true","true","-","-",6,20,7,2,1,3,6,6,7,2,8,2,5,8,8,10,3,6,3,6,7,3,3,4,"true","-","true","-","true","true","true","-","true","true","-","Digital","true","true","true","true","-","If you're into indie games, A Short Hike is a short story game that is REALLY charming, I love it so much :)"
"anonymous","11/21/2020 18:30","Chrome","Android","Portland","United States","-","0:03:27","-","true","-","-","-","-","-","-","-","-","-","-","-","-",0,7,1,3,6,4,5,4,5,2,3,5,1,8,10,4,1,8,1,6,10,1,1,6,"true","true","true","true","true","true","-","-","-","true","-","Digital","true","true","-","true","-","Divinity 2 Original Sin"
"anonymous","11/21/2020 18:30","Chrome","Android","Kidlawn","Ireland","https://t.co/","0:02:55","-","-","-","-","true","-","true","-","-","-","-","-","-","true",10,20,8,7,10,7,8,8,7,9,10,10,7,10,2,10,1,8,3,9,3,7,2,6,"true","-","true","true","true","true","true","-","-","true","-","Digital","true","true","-","-","-","-"
"anonymous","11/21/2020 18:32","Firefox","Windows","Hod HaSharon","Israel","https://old.reddit.com/r/SampleSize/","0:03:17","-","-","-","-","-","-","-","-","-","-","true","-","-","-",40,50,8,2,6,2,2,9,8,1,7,6,5,7,10,9,2,8,3,10,10,3,7,6,"true","-","-","true","true","true","-","true","true","true","Price","Digital","true","true","true","true","Browsing Steam","Yakuza: Like a Dragon
Factorio
Path of Exile
Risk of Rain 2
Darksouls 1/2/3
Disco Elysium
Undertale
Payday the Heist 2
Divinity original sin 2
Hades

And I have much more, but I will keep it short."
"anonymous","11/21/2020 18:33","Chrome","iOS","Paris","France","-","0:02:48","-","-","true","-","true","-","-","-","-","-","true","-","-","true",0,10,5,3,3,4,3,5,4,3,4,4,1,4,4,2,1,1,4,2,1,1,2,1,"-","-","-","-","true","true","-","-","-","-","-","Digital","true","true","true","true","-","Team Fortress 2
Ratz Instagib"
"anonymous","11/21/2020 18:39","Safari","Mac OS","Folkestone","United Kingdom","-","0:19:03","-","true","true","-","-","true","true","true","-","true","true","-","-","-",30,50,8,5,7,10,10,5,9,3,9,7,7,9,10,5,2,7,8,5,6,5,5,9,"true","true","-","true","true","true","true","true","true","-","-","Disk","true","true","-","-","-","Fallout New Vegas, Fallout 3, Any 3D Zelda game, Yume Nikki and Yume 2kki, Celeste, Slime Rancher, The Binding of Isaac, VVVVVV, Super Meat Boy, Dwarf Fortress, Team Fortress 2, Any Half Life game. Any Soulsborne game, Shadow of the Colossus, Any Touhou game, Dead Space 1 & 2, Any Pokemon game before 6th generation, Enter the Gungeon, League of Legends, Return of the Obra Dinn, Super Mario Galaxy, Earthbound, Mother 3, Paper Mario, Paper Mario: TTYD, Super Smash bros Ultimate, Ni no Kuni, Any Professor Layton game, Any Ace Attorney game, Any Zero Escape game, Katawa Shoujo, Tom Clancy’s Rainbow Six Siege, Skyrim, Blazblue: Centralfiction, Worms 3D, Portal 1 & 2, Any Oddworld game, Tekken 2 & 3, Dragon Quest IV-XI, Baba is You, Spyro 1-3, Ty the Tasmanian Tiger 1 & 2, Super Mario Maker 2, Warioware: Smooth Moves, Halo Reach, Move or Die, Shin Megami Tensei IV, Persona 3-5, Rayman 3, Rayman Legends, Overcooked 1 & 2, Darkest Dungeon, Scribblenauts, NieR: Automata, Medievil 2, Battleborn."
"anonymous","11/21/2020 18:42","Facebook","Android","Blanchardstown","Ireland","http://m.facebook.com/","0:01:59","-","-","-","-","-","-","true","-","-","true","-","-","-","-",15,30,7,3,2,1,3,1,4,2,8,3,1,9,8,8,1,8,1,5,7,1,1,10,"true","-","-","true","-","-","-","-","-","true","-","Digital","-","true","-","-","-","-"
"anonymous","11/21/2020 18:43","Chrome","Android","Budapest","Hungary","-","0:03:06","true","true","-","-","-","-","-","-","-","-","true","-","-","-",4,22,7,3,10,3,7,10,8,7,9,8,7,8,8,8,7,5,5,3,5,6,4,7,"true","-","-","true","true","true","-","true","true","true","-","Digital","true","true","-","true","-","Rimworld, Hades"
"anonymous","11/21/2020 18:58","Chrome","Mac OS","Islington","United Kingdom","https://www.reddit.com/","0:02:10","-","-","-","-","-","-","true","-","-","-","true","-","-","-",1,15,4,3,3,3,2,5,2,1,7,6,1,9,9,10,1,9,1,5,6,1,5,3,"true","-","true","-","-","-","true","-","-","true","-","Digital","-","true","true","true","-","-"
"anonymous","11/21/2020 19:00","Chrome","Android","Marlow","United Kingdom","-","0:03:37","-","-","-","-","-","true","-","-","true","true","true","-","-","true",14,36,8,2,5,3,6,8,6,4,6,3,1,3,4,1,1,4,8,4,3,1,4,3,"true","-","-","true","true","true","true","-","-","-","-","Digital","-","true","-","-","-","Currently pouring time into Warframe, beautiful ARPG that you can sink thousands and thousands of hours into"
"anonymous","11/21/2020 19:03","WebKit","iOS","Bogotá","Colombia","http://m.facebook.com","0:01:58","-","-","-","-","-","-","-","-","-","-","-","true","-","-",5,12,"-","-","-","-","-","-","-",6,"-","-","-","-","-","-","-",4,"-",2,1,"-",3,5,"true","-","true","-","true","true","-","-","-","-","-","Digital","true","true","-","-","-","-"
"anonymous","11/21/2020 19:06","Edge","Windows","Morden","United Kingdom","https://old.reddit.com/r/SampleSize/","0:03:00","-","true","-","-","-","-","-","-","-","-","-","-","-","true",0,16,7,8,6,3,4,4,6,8,9,6,5,8,10,4,1,6,6,"-","-",4,3,5,"true","-","-","-","true","true","true","-","-","-","-","Digital","true","true","-","-","-","-"
"anonymous","11/21/2020 19:07","Chrome","iOS","Austin","United States","https://m.facebook.com/","0:02:14","-","-","-","-","-","-","-","-","-","-","true","-","-","true",5,10,4,4,3,2,3,3,3,2,4,4,3,4,4,2,1,3,2,3,3,3,3,2,"-","true","true","-","true","-","-","true","-","-","-","Digital","-","true","-","true","Steam adds","Risk of rain 2"
"anonymous","11/21/2020 19:09","Chrome","Mac OS","Chicago","United States","https://l.facebook.com/","0:01:32","-","true","-","-","-","-","true","-","-","-","-","-","-","-",2,5,3,1,1,1,8,1,1,1,10,2,2,10,10,8,1,10,1,2,5,2,2,2,"true","-","-","-","-","true","true","-","-","-","-","Digital","true","true","-","-","-","Ni No Kuni :)"
"anonymous","11/21/2020 19:11","Facebook","Android","Buxton","United Kingdom","http://m.facebook.com/","0:00:59","-","true","-","-","-","-","-","-","-","-","-","-","-","true",0,6,6,1,1,6,1,6,3,3,6,6,4,2,4,2,1,8,1,5,5,5,5,5,"-","-","-","-","true","true","true","true","-","-","-","Digital","-","-","true","-","-","-"
"anonymous","11/21/2020 19:15","Facebook","Android","Dublin","Ireland","http://m.facebook.com/","0:05:03","-","-","-","-","-","-","-","-","-","-","true","-","-","true",10,25,7,2,3,2,2,9,9,8,9,9,3,8,10,9,8,9,9,7,5,2,9,2,"true","true","-","-","true","-","true","-","-","true","-","Digital","-","-","true","true","-","The witcher
Assassin's creed
Call of duty modern warfare
Among us
Rollercoaster tycoon 
Jedi fallen order
Cities skylines
Civilization V"
"anonymous","11/21/2020 19:19","Chrome","Windows","Karlovo","Bulgaria","https://l.facebook.com/","0:01:43","-","true","-","-","-","-","-","-","-","-","-","-","-","-",2,5,8,3,3,6,3,8,9,4,10,3,3,3,7,9,4,9,1,1,1,1,1,7,"true","-","-","-","true","true","-","-","true","-","-","Disk","true","-","-","-","-","Horizon"
"anonymous","11/21/2020 19:20","Facebook","Android","City of Westminster","United Kingdom","http://m.facebook.com/","0:01:23","-","-","-","-","-","-","-","-","-","-","true","-","-","true",0,3,5,1,1,2,3,2,4,5,3,1,1,5,9,7,1,5,1,1,5,1,2,1,"-","-","-","-","-","-","true","-","-","-","-","Digital","-","true","-","-","-","-"
"anonymous","11/21/2020 19:26","Chrome","Chromium OS","Ontario","United States","https://www.reddit.com/","0:04:12","-","true","-","-","-","-","true","-","-","true","true","-","-","-",0,5,6,1,1,9,10,10,7,5,8,6,3,8,10,6,1,10,4,5,9,3,5,5,"true","-","true","true","-","-","true","true","true","-","-","Disk","true","-","-","-","-","-"
"anonymous","11/21/2020 19:28","WebKit","iOS","Rutherglen","United Kingdom","http://m.facebook.com","0:02:04","-","true","-","-","-","-","-","-","-","true","true","-","-","true",2,3,8,2,5,7,2,"-",10,2,10,2,8,7,9,2,1,5,3,2,4,9,9,2,"-","true","-","true","true","true","true","-","true","-","-","Digital","true","true","-","-","-","-"
"anonymous","11/21/2020 19:31","Safari","Mac OS","College Point","United States","https://l.facebook.com/","0:02:04","-","-","-","-","-","-","-","-","true","true","-","true","-","true",0,5,7,4,3,7,5,6,6,6,6,2,7,7,7,6,6,6,2,2,5,1,1,1,"true","-","-","true","true","true","true","true","true","true","-","Disk","-","true","-","true","-","-"
"anonymous","11/21/2020 19:41","Facebook","Android","Greenford","United Kingdom","http://m.facebook.com/","0:01:40","-","-","true","-","-","-","-","-","-","true","true","-","-","-",2,5,1,1,1,1,1,1,1,1,3,1,1,5,1,1,1,2,1,1,6,5,2,8,"true","-","-","-","-","true","true","-","true","-","-","Digital","-","-","-","true","-","Love 2 dots, the graphic and music are so relaxing"
"anonymous","11/21/2020 19:44","Facebook","Android","Dublin","Ireland","http://m.facebook.com/","0:01:46","-","true","true","-","-","-","-","-","-","-","-","-","-","true",8,20,8,8,8,8,8,8,7,8,5,6,1,6,3,1,8,7,8,6,2,1,8,7,"true","true","-","true","true","-","true","true","-","true","-","Disk","-","-","true","-","-","Call of duty warzone, cold War, tekken"
"anonymous","11/21/2020 19:49","Mobile Safari","iOS","Mount Clemens","United States","-","0:02:36","-","true","-","-","-","-","true","-","-","-","true","-","-","-",20,30,7,2,2,1,6,6,1,3,7,1,1,6,7,4,1,2,2,2,2,3,7,3,"true","-","true","true","true","true","true","-","-","true","-","Digital","true","-","true","true","-","Mass Effect 2, Hades, Stanley Parable, Gunpoint"
"anonymous","11/21/2020 19:56","Chrome","Windows","Houston","United States","https://www.reddit.com/","0:13:35","-","-","-","-","-","-","-","-","true","-","true","-","-","true",5,25,8,2,2,2,1,1,1,8,5,1,1,6,6,10,3,7,7,7,5,1,5,3,"-","-","true","-","true","-","-","-","-","-","Complexity","Digital","true","true","-","-","-","Surprised you didnt mention Oculus Quest VR as a games platform - its pretty good!"
"anonymous","11/21/2020 20:27","Chrome","Android","San Diego","United States","https://m.facebook.com/","0:02:40","-","-","-","-","-","-","true","-","true","true","true","-","-","-",9,20,6,4,4,4,7,10,2,3,5,2,1,5,2,3,1,1,3,1,1,1,6,5,"-","-","-","-","-","-","-","-","-","-","Franchise","Disk","-","-","-","-","I don't bother with reviews","Overwatch, Songbird Symphony, Code Memory"
"anonymous","11/21/2020 20:27","WebKit","iOS","Linton Hall","United States","-","0:02:12","-","true","true","-","-","-","true","-","-","true","true","-","-","true",10,25,5,2,5,4,5,5,4,3,6,3,4,5,7,5,1,7,2,7,7,4,5,5,"true","true","-","-","true","true","true","-","-","true","-","Disk","-","-","-","true","-","The legend of heroes series :)"
"anonymous","11/21/2020 20:28","Chrome","Windows","Dublin","Ireland","https://l.facebook.com/","0:54:57","-","-","-","-","-","-","true","true","true","true","-","-","-","true",5,25,8,5,4,7,10,4,7,1,9,7,8,8,9,1,1,10,1,6,8,8,1,7,"true","true","-","-","true","true","-","true","-","true","Music, characters, recommendations","Digital","true","true","-","-","-","Xenoblade Chronicles, Celeste, Hollow Knight, The Witcher 3, A short Hike, The Messenger, Return of the Obra Dinn, Golf Story, Super Smash Bros Ultimate, Undertale, Cuphead, Fire Emblem Three Houses, Nier Automata, Pheonix Wright Ace Attorney"
"anonymous","11/21/2020 21:14","Chrome","Windows","Diemen","Netherlands","https://www.reddit.com/","0:01:55","-","-","-","-","-","-","-","-","true","true","true","-","-","true",0,10,1,1,1,1,1,1,1,3,3,1,1,3,9,9,4,7,3,1,8,1,9,10,"true","-","true","true","true","true","true","true","true","true","-","Digital","true","true","true","true","-","-"
"anonymous","11/21/2020 21:16","Mobile Safari","iOS","Kensington","United States","-","0:02:58","-","true","-","-","-","-","true","-","-","true","true","-","-","true",0,50,6,6,3,1,9,1,8,2,10,10,8,9,10,5,1,10,3,9,10,7,2,8,"true","-","true","-","true","true","-","-","-","-","Music","Disk","true","true","-","-","-","Final fantasy series!! Especially FFX"
"anonymous","11/21/2020 21:17","Firefox","Windows","Curitiba","Brazil","-","0:03:14","-","-","true","-","-","-","-","-","-","-","true","-","-","-",5,40,8,1,7,7,8,9,4,1,7,10,4,6,10,2,4,1,1,1,2,4,1,6,"true","-","-","true","true","true","true","true","-","true","-","Digital","true","-","true","-","-","Immersive Sims: Thief The Dark Project, Dishonored, Deus Ex, Prey"
"anonymous","11/21/2020 21:26","Mobile Safari","iOS","Allentown","United States","-","0:02:09","-","-","-","-","true","-","-","-","-","-","-","-","-","-",7,14,5,3,3,3,3,7,4,7,5,2,1,5,5,5,10,7,9,8,8,1,9,4,"-","true","-","-","true","-","-","-","-","-","-","Digital","-","true","true","-","-","-"
"anonymous","11/21/2020 21:41","Mobile Safari","iOS","Sydney","Australia","https://www.reddit.com/r/SampleSize/","0:08:02","-","-","-","-","-","-","true","-","-","true","true","true","-","true",10,29,8,7,6,5,8,5,3,2,7,5,1,7,9,4,1,6,1,5,6,1,6,9,"true","-","-","true","true","-","true","-","-","true","Novelty,reviews","Digital","true","true","true","true","Algorithmic store recommendations (Steam, Itch, etc.)","I can't just recommend video games to you without any idea of what games you'd like or consoles you have! But I guess you're using this just to figure out what we like. In that case, I'd recommend A Dance of Fire and Ice and the upcoming Rhythm Doctor. Both great rhythm games, a genre I noticed you forgot to include in this survey ;). If I assume you own a nintendo switch, I'd recommend Splatoon 2. It's the only shooting game I actually like. Never could get into Overwatch..."
"anonymous","11/21/2020 21:46","Chrome","Windows","Köln","Germany","https://www.reddit.com/","0:05:00","-","-","-","-","-","-","-","-","-","-","true","-","-","-",3,15,7,3,2,3,4,8,7,4,4,9,3,4,3,3,1,4,5,5,5,2,3,9,"true","true","true","true","true","true","-","-","-","true","-","Digital","-","true","-","-","-","Portal 1/2, Half Life, Hitman 2016/2, Rainbow Six Siege, Minecraft, Sid Meiers Civilization, Battlefield 1/4, Sea Of Thieves, Star Wars Battlefront 2(2005)"
"anonymous","11/21/2020 22:03","Firefox","Windows","San Mateo","United States","https://old.reddit.com/r/SampleSize/","0:02:58","-","true","-","-","-","-","-","-","-","-","true","-","-","-",6,12,6,2,2,2,1,3,1,1,6,6,1,6,10,9,1,8,1,8,8,1,7,6,"true","-","-","-","true","true","-","-","-","true","-","Digital","true","true","true","-","-","-"
"anonymous","11/21/2020 22:04","Chrome","Android","Jacksonville","United States","-","0:04:30","-","-","-","-","-","-","true","-","-","-","true","-","-","true",10,30,3,1,2,1,7,1,6,1,8,4,3,7,10,10,1,10,1,3,10,4,7,9,"true","true","true","-","true","-","true","-","-","true","-","Digital","true","true","-","true","-","RimWorld, Torchlight II, Divinity: Original Sin, XCOM 2, Massive Chalice"
"anonymous","11/21/2020 22:40","Edge","Windows","Meridian","United States","https://l.facebook.com/","0:01:56","-","-","-","-","true","-","-","-","-","-","true","-","-","-",5,10,10,10,10,10,10,10,10,10,10,10,10,10,10,10,5,10,10,10,10,10,10,10,"-","true","-","-","true","-","-","-","-","-","strategy ","Digital","true","true","true","true","-","halo wars 2"
"anonymous","11/21/2020 22:59","Chrome","Windows","Tallinn","Estonia","https://www.reddit.com/r/SampleSize/","0:01:43","-","-","-","-","-","-","-","-","-","-","true","-","-","-",0,5,8,"-","-","-","-",10,"-","-",8,9,"-","-",10,"-","-","-","-","-","-","-",6,"-","true","-","-","true","true","true","-","-","-","true","-","Digital","true","true","-","-","-","blood"
"anonymous","11/21/2020 23:34","Facebook","Android","Edenderry","Ireland","http://m.facebook.com/","0:03:09","-","true","-","-","-","-","-","-","-","-","true","-","-","-",30,50,8,8,6,8,7,10,10,10,8,8,3,6,3,8,3,3,10,3,3,3,3,3,"true","true","true","-","true","-","-","-","-","true","-","Digital","true","true","true","true","-","-"
"anonymous","11/21/2020 23:59","Firefox","Fedora","Vienna","Austria","https://www.reddit.com/","0:04:16","-","-","-","-","-","-","-","-","-","-","-","-","true","-",2,20,1,1,3,1,5,4,4,1,5,3,1,5,9,8,1,6,1,5,7,2,2,6,"true","-","true","true","true","-","-","-","-","true","-","Digital","true","true","true","-","-","super meat boy, banished, return of the obra dinn"
"anonymous","11/22/2020 0:10","Chrome","Windows","Agoura Hills","United States","https://www.reddit.com/","0:06:44","-","true","true","-","-","true","true","true","true","true","true","true","-","true",20,35,7,7,8,8,8,7,7,5,7,8,7,8,10,7,4,7,9,9,8,6,10,8,"true","true","true","true","true","true","true","true","true","true","is this a game that i can easily get my friends to play","Digital","true","true","true","true","reddit, steam store suggestions","the dark souls trilogy
world of warcraft (the team building is insanely fun)
DotA 2
The Legend of Zelda: Wind Waker
any other Legend of Zelda game
Animal Crossing
Any of the Halo games
Super Mario 64
Super Mario Sunshine"
"anonymous","11/22/2020 0:11","WebKit","iOS","Westfield","United States","http://m.facebook.com","0:01:43","-","-","-","-","-","true","true","-","true","-","true","true","-","true",0,10,8,6,4,4,5,8,"-",10,8,6,3,10,5,8,8,7,1,8,8,2,1,8,"true","true","true","true","true","true","true","true","true","true","-","Disk","-","-","-","true","-","-"
"anonymous","11/22/2020 0:35","WebKit","iOS","Sandy","United States","http://m.facebook.com","0:03:55","-","-","-","-","-","-","true","-","-","true","-","-","-","true",6,14,10,10,8,10,9,9,8,10,9,7,1,10,9,4,3,7,10,8,3,1,10,9,"true","true","-","-","true","-","true","true","-","true","-","Disk","true","true","-","true","-","Super smash bros. Zelda botw. Fornite."
"anonymous","11/22/2020 0:40","Chrome","Windows","Paradise","United States","https://www.reddit.com/","0:03:52","-","true","-","-","-","-","true","true","true","true","true","-","-","-",0,9,8,3,5,5,7,10,9,5,10,5,9,9,9,3,2,7,4,8,5,4,9,4,"true","true","-","-","-","-","-","-","-","-","-","Digital","true","true","true","-","twitter","Overcooked 2 multiplayer is super fun"
"anonymous","11/22/2020 0:57","Firefox","Android","Escondido","United States","-","0:04:13","-","-","-","-","-","-","true","-","-","true","true","-","-","true",2,5,4,3,3,3,2,2,10,1,10,6,8,10,1,6,1,10,1,6,7,4,1,2,"true","-","true","true","true","true","true","-","-","true","-","Disk","true","true","-","true","-","Breath of the Wild, Minecraft, Adventure time: Secret of the Nameless Kingdom, Ocarina of Time, Rimworld, Stardew Valley, Child of Light, HOB"
"anonymous","11/22/2020 1:55","Chrome","Windows","Rosemont","United States","https://l.facebook.com/","0:01:55","-","true","-","-","-","-","-","-","-","-","true","-","-","-",0,7,2,4,2,8,5,1,8,2,5,5,6,7,10,5,1,10,1,9,9,7,9,7,"-","-","-","-","true","true","-","-","-","true","-","Digital","-","true","-","-","-","Civilization V or IV."
"anonymous","11/22/2020 1:57","Firefox","Windows","Eastanollee","United States","-","0:02:07","-","-","-","-","-","-","true","true","true","true","true","-","-","true",2,30,6,3,1,2,10,1,3,4,9,2,1,8,10,8,1,3,1,3,5,1,3,6,"true","-","true","-","true","true","true","-","-","true","-","Disk","true","-","-","true","-","Sonic Adventure and Sonic Adventure 2"
"anonymous","11/22/2020 1:58","Firefox","Windows","Gaillimh","Ireland","-","0:04:34","-","-","true","-","-","-","true","-","-","true","true","-","-","true",5,14,7,3,6,6,7,4,8,3,7,5,3,9,9,6,1,6,4,5,6,4,8,9,"true","true","true","true","-","true","-","true","-","true","-","Digital","true","true","true","-","-","Hollow Knight! Binding of Isaac! Crypt of the Necrodancer!"
"anonymous","11/22/2020 2:19","WebKit","iOS","Los Angeles","United States","http://m.facebook.com","0:01:11","-","-","-","-","-","-","-","-","-","-","true","true","-","true",0,9,4,6,3,5,7,"-",5,4,5,7,6,4,7,1,1,1,1,6,4,1,5,1,"true","true","-","-","-","true","-","true","true","-","-","Digital","true","true","true","-","-","-"
"anonymous","11/22/2020 2:53","Chrome","Windows","Casper","United States","https://www.reddit.com/?count=325&after=t3_jyk0ru","0:02:01","-","-","-","-","-","true","true","-","true","true","true","-","-","-",12,24,6,2,5,4,5,7,3,2,8,3,2,7,7,6,3,8,1,6,7,2,6,6,"true","-","-","true","true","-","-","-","-","-","-","Digital","true","true","-","-","-","-"
"anonymous","11/22/2020 2:53","Mobile Safari","iOS","Chicago","United States","-","0:03:16","-","true","-","-","-","-","true","-","-","-","-","-","-","-",10,21,8,2,4,1,8,7,8,7,9,7,4,9,9,6,4,7,1,2,6,3,2,7,"true","-","true","-","true","true","-","-","true","true","-","Digital","true","true","true","true","-","Into the Breach"
"anonymous","11/22/2020 3:06","WebKit","iOS","Aylesbury","United Kingdom","-","0:01:54","-","-","-","-","true","-","-","-","-","-","-","true","-","-",0,10,3,6,4,4,10,7,1,2,7,3,1,5,"-",4,1,10,10,6,10,6,3,10,"-","-","-","-","-","-","-","-","true","-","-","Disk","-","true","-","-","-","-"
"anonymous","11/22/2020 3:09","Chrome","Windows","Washington","United States","https://www.reddit.com/r/SampleSize/","0:05:52","-","true","-","-","-","-","true","-","-","-","true","-","-","true",9,20,3,2,3,3,4,6,7,2,8,8,2,9,10,10,1,8,1,6,6,2,8,6,"true","-","-","true","true","true","true","-","-","true","-","Digital","-","true","-","true","steam recommendations","The Last of Us, The Stanley Parable, Control, Rimworld, Red Dead Redemption 2"
"anonymous","11/22/2020 3:32","Firefox","Windows","Vanier","Canada","https://old.reddit.com/r/SampleSize/new/?count=50&after=t3_jydh6p","0:47:49","-","-","-","-","-","-","-","-","-","-","true","true","-","-",2,14,9,2,4,3,6,8,3,1,9,2,5,10,10,7,2,7,1,8,6,5,1,6,"true","-","-","-","-","-","true","-","-","true","Female Protagonist","Disk","true","-","-","-","Online Discussion Boards","Tales From The Borderlands"
"anonymous","11/22/2020 3:48","Mobile Safari","iOS","Norristown","United States","-","0:09:34","-","true","-","-","-","-","-","-","-","-","true","-","-","true",3,30,5,1,1,7,5,8,7,4,7,3,1,7,5,9,3,1,1,1,1,1,5,5,"-","true","true","-","true","true","-","-","-","true","-","Digital","true","-","true","true","-","RaceRoom Racing Experience 
Battlefield 2: Project Reality 
Every MotorStorm game 
Flatout: Ultimate Carnage 
SSX: On Tour 
MX vs ATV: Untamed 
iRacing 
Assetto Corsa Competizione 
rFactor2 
Battlefield 4"
"anonymous","11/22/2020 3:48","Vivaldi","Windows","Bryn Mawr-Skyway","United States","https://old.reddit.com/r/SampleSize/","0:21:19","-","true","true","-","-","-","true","-","-","true","true","-","-","-",10,20,4,5,5,4,4,4,7,2,6,4,5,6,9,8,3,10,4,7,10,5,5,7,"-","-","true","-","true","true","-","-","-","true","-","Disk","-","true","-","-","forum comments","2010+: Etrian Odyssey 5, Octopath Traveler
2000-2009: SimCity 4, Civilisation 4, Dragon Quest 9, Europa Universalis 3
-1999: Sid Meier's Alpha Centauri, Final Fantasy 5, Final Fantasy Tactics, Heroes of Might and Magic 3"
"anonymous","11/22/2020 4:02","Firefox","Windows","São Paulo","Brazil","https://www.reddit.com/","0:03:09","-","-","-","-","-","-","-","-","-","-","true","-","-","-",2,6,3,1,1,2,2,2,3,2,3,5,4,4,9,10,2,10,3,7,9,4,6,10,"true","-","true","-","true","-","-","-","-","-","Music","Digital","true","-","true","-","-","Any games by Supergiant games. 
Stardew Valley has an incredibly dedicated developer and the game is fun."
"anonymous","11/22/2020 4:27","Firefox","Windows","Vantaa","Finland","https://old.reddit.com/r/SampleSize/top/?sort=top&t=day","0:01:34","-","-","-","-","true","-","-","-","-","-","true","-","-","-",15,30,10,7,8,3,10,10,2,7,8,3,1,6,6,7,7,10,6,9,10,1,7,6,"-","true","-","-","true","-","-","true","-","true","-","Digital","true","true","-","-","-","-"
"anonymous","11/22/2020 4:27","Chrome","Android","Pierrefitte","France","-","0:03:45","-","-","true","-","-","-","true","-","-","true","true","true","-","true",2,20,7,7,5,5,7,6,4,5,8,6,5,9,10,10,6,6,5,6,6,6,9,7,"true","-","-","true","true","true","true","-","true","true","-","Disk","true","-","-","true","-","-"
"anonymous","11/22/2020 4:32","WebKit","iOS","High Falls","United States","http://m.facebook.com","0:01:27","-","-","-","-","-","-","true","-","true","true","-","-","-","-",1,5,3,2,1,1,1,4,3,4,3,2,1,4,2,4,1,3,1,1,2,1,1,3,"true","true","-","true","true","true","true","-","true","-","-","Digital","-","true","-","-","-","-"
"anonymous","11/22/2020 4:36","Firefox","Windows","Springboro","United States","https://old.reddit.com/r/SampleSize/comments/jycz6l/academicvideo_game_preferences_everyone/","0:04:57","-","true","true","-","-","-","-","-","-","-","true","-","-","true",9,25,7,2,4,3,1,9,3,2,9,4,7,9,10,9,1,10,1,9,10,5,2,1,"true","-","-","true","-","true","true","-","-","true","-","Digital","true","-","-","true","-","The big ones? Last of Us II,God of War, Ghost of Tsushima, Yakuza 0/6, Persona 4/5R, Tales of Berseria, Sakura Wars, Red Dead Redemption 2, Detroit: Become Human, just, story-heavy games haha.

...Forza Horizon 4 lol!"
"anonymous","11/22/2020 5:00","Safari","Mac OS","Drexel Hill","United States","https://www.reddit.com","0:03:27","-","-","-","-","true","-","-","true","-","true","-","-","-","true",21,50,8,6,5,6,8,2,5,5,9,8,3,7,9,6,1,8,4,7,9,3,2,6,"true","-","-","true","true","true","-","-","-","true","-","Disk","-","true","true","true","-","Might be a tad illegal (due to the nature of roms), but Radical Red is a must play for any pokemon fan"
"anonymous","11/22/2020 5:46","Chrome","Android","Christchurch","New Zealand","-","0:02:48","-","true","-","-","true","-","-","-","-","-","true","-","-","-",0,28,6,3,5,2,3,8,10,1,9,7,10,7,10,9,1,10,4,10,10,8,3,7,"-","-","-","-","true","true","-","true","-","-","-","Digital","-","true","-","-","-","Hoi 4"
"anonymous","11/22/2020 6:52","Chrome","Android","Mentor","United States","-","0:01:56","-","-","-","-","-","true","-","-","true","-","true","-","-","true",13,43,5,3,3,3,5,8,8,3,8,8,3,8,8,8,2,7,2,8,8,2,8,8,"true","true","true","true","true","-","true","true","-","true","-","Digital","true","true","-","true","-","-"
"anonymous","11/22/2020 8:18","Chrome","Android","Nāgarpur","Bangladesh","-","0:02:35","-","-","-","-","-","-","-","-","-","-","true","-","-","-",20,40,5,3,6,8,7,2,1,1,8,8,1,9,10,8,6,"-",3,10,9,2,1,4,"true","-","-","-","true","-","-","-","-","-","-","Digital","true","-","-","-","-","Hollow Knight"
"anonymous","11/22/2020 8:38","Facebook","Android","Ljubljana","Slovenia","http://m.facebook.com/","0:05:08","-","-","-","-","true","true","-","-","-","true","-","-","-","-",5,15,7,8,5,7,3,6,6,6,8,7,10,10,4,4,1,4,4,5,6,10,3,6,"true","-","-","true","-","-","true","true","-","true","-","Disk","true","-","true","-","-","-"
"anonymous","11/22/2020 8:59","Firefox","Android","Droichead Nua","Ireland","https://m.facebook.com/","0:05:23","-","true","-","-","-","true","true","-","true","true","-","-","true","true",4,10,5,5,7,4,10,2,6,2,8,5,5,7,9,7,1,7,4,5,7,5,4,7,"true","-","-","-","true","true","-","true","-","-","-","Disk","true","true","-","-","-","Celeste, Undertale, Hollow Knight, Kingdom Hearts, classic Sonic games, Stardew Valley, Ori, Hades, Transistor, Dead Cells, Rogue Legacy, Dark Souls, Zelda: Breath of the Wild"
"anonymous","11/22/2020 9:13","Chrome","Android","Gaillimh","Ireland","-","0:02:45","-","true","-","-","true","true","-","-","true","-","true","true","-","true",0,10,"-","-",9,"-","-",10,"-","-",8,7,"-",6,1,"-",3,2,"-",4,5,"-","-","-","true","-","true","true","true","-","true","-","-","true","-","Digital","true","true","true","true","-","Stardew Valley"
"anonymous","11/22/2020 9:20","Firefox","Windows","Porirua","New Zealand","https://www.reddit.com/r/SampleSize/","0:02:08","-","-","-","-","-","-","-","-","-","-","true","-","-","true",7,26,3,1,5,1,9,8,1,1,9,1,1,8,7,8,1,10,6,10,10,1,1,3,"-","-","-","-","true","-","true","-","-","true","-","Digital","-","-","-","-","Steam","-"
"anonymous","11/22/2020 9:32","Chrome","Windows","Nashville","United States","https://www.reddit.com/","0:02:46","-","-","-","-","-","-","true","true","-","true","true","-","-","-",20,40,1,1,1,1,1,1,1,1,8,1,1,10,10,7,1,9,1,1,10,1,5,5,"true","-","-","true","true","-","-","-","-","true","Does it have romance options.","Digital","-","-","-","-","Steam recommendations, deliberate searches, and pretty much only playing the same few series.","Play Hades, it's good. Play Fire Emblem: 3 Houses, it's good. Rune Factory 4, see above."
"anonymous","11/22/2020 10:01","Chrome","Windows","Kawasaki","Japan","https://l.facebook.com/","0:03:49","-","-","-","-","-","-","true","-","-","true","true","-","-","true",7,25,10,8,9,9,9,8,10,10,10,9,10,10,10,10,4,10,10,10,10,7,10,10,"true","true","true","true","true","true","true","-","-","-","-","Disk","true","true","true","true","-","Zelda series are so good
Splatoon 2 is so addicting idk about splatoon 1 but probably also interesting bc same game mechanic but less stuff
Sims 4 was a great buy 
Indie games: there's ""Ib"" pronounced eve and that's also nice I liked that one has a pretty big fanbase too especially on Pixiv   ""Yumenikki"" is also good"
"anonymous","11/22/2020 10:46","WebKit","iOS","Dublin","Ireland","http://m.facebook.com","0:03:20","-","true","-","-","-","-","-","-","-","-","-","-","-","-",3,10,6,4,5,7,3,8,6,7,7,3,3,7,8,5,10,4,8,7,7,2,8,6,"-","true","-","-","-","-","-","-","-","-","-","Digital","-","true","-","-","-","Pga tour 2k21"
"anonymous","11/22/2020 11:36","WebKit","iOS","Naas","Ireland","http://m.facebook.com","0:02:31","-","true","-","-","-","-","-","-","-","-","true","-","-","true",7,20,5,3,3,3,4,7,7,3,5,4,1,3,6,4,1,6,3,6,6,1,3,4,"true","true","true","-","-","-","true","-","-","-","-","Disk","true","true","true","true","-","Pokémon go is still the shit yo"
"anonymous","11/22/2020 12:21","Chrome","Android","Seattle","United States","-","0:02:37","-","-","-","-","-","-","-","-","-","-","true","-","-","true",0,12,5,4,3,5,5,3,5,2,6,4,4,8,4,6,2,5,1,3,3,7,1,7,"true","-","true","-","true","true","true","-","-","-","-","Digital","true","true","-","-","-","-"
"anonymous","11/22/2020 12:47","Chrome","Windows","Dublin","Ireland","https://l.facebook.com/","0:04:50","-","-","-","-","-","true","true","-","true","true","-","-","-","-",0,12,7,3,4,2,7,7,6,5,9,5,5,8,10,2,1,8,1,7,8,6,1,10,"true","-","true","-","true","true","-","-","-","true","-","Disk","-","-","-","-","true","Psychonauts"
"anonymous","11/22/2020 13:12","Chrome","Windows","Dublin","Ireland","https://l.facebook.com/","0:04:08","-","-","-","-","-","-","-","-","-","-","-","-","-","true",0,2,3,3,2,8,3,2,2,3,6,2,2,4,7,5,2,10,2,9,9,1,2,10,"true","true","-","-","-","-","-","-","true","true","-","Digital","-","true","-","-","-","-"
"anonymous","11/22/2020 13:31","Firefox","Mac OS","Tokyo","Japan","https://l.facebook.com/","0:01:20","-","-","-","-","-","-","true","-","-","-","-","-","-","-",0,5,6,6,1,1,1,1,1,1,1,1,1,1,1,1,8,8,1,1,1,1,1,8,"-","true","-","-","-","-","-","-","true","-","-","Disk","true","-","-","-","-","-"
"anonymous","11/22/2020 13:43","Facebook","iOS","Blanchardstown","Ireland","http://m.facebook.com","0:02:25","-","-","-","-","-","-","-","-","true","-","true","true","-","true",3,6,7,1,1,5,6,4,7,5,9,7,3,9,8,9,7,8,1,7,5,1,1,9,"true","-","true","true","true","-","true","-","-","true","-","Disk","true","true","-","true","-","-"
"anonymous","11/22/2020 14:20","Chrome","Windows","Zürich","Switzerland","https://l.facebook.com/","0:02:23","-","-","-","-","-","-","true","-","-","-","true","-","-","true",8,12,5,1,1,2,2,4,8,2,3,1,2,2,9,8,1,10,5,8,9,2,10,1,"-","-","-","-","true","-","true","-","true","true","-","Digital","true","-","-","true","-","Stellaris, Crusader Kings III, Synthetik"
"anonymous","11/22/2020 14:31","Mobile Safari","iOS","Elmwood Park","United States","-","0:01:42","-","-","-","-","true","-","-","-","-","-","-","-","-","-",8,20,1,1,1,3,4,6,5,6,2,2,2,4,6,2,7,7,7,3,2,3,4,3,"-","true","-","-","-","-","-","-","-","-","-","Digital","-","true","-","-","-","Smite"
"anonymous","11/22/2020 18:35","WebKit","iOS","Tallaght","Ireland","http://m.facebook.com","0:03:26","-","true","-","-","-","-","true","-","-","-","true","-","-","true",20,35,8,7,7,7,9,5,6,4,8,8,3,9,8,4,1,7,4,8,9,3,8,9,"true","-","true","true","-","true","-","true","-","true","-","Digital","true","true","-","true","-","Any and all Final Fanatsy games, Genshin Impact, Stardew Valley, Graveyard Keeper, No Mans Sky, Spider-Man (PS4)"
"anonymous","11/22/2020 18:42","Chrome","Windows","Gaillimh","Ireland","https://l.facebook.com/","0:03:20","-","-","-","-","true","-","-","-","-","-","-","-","-","-",2,6,6,5,6,6,5,5,5,6,7,3,7,7,9,3,5,5,2,1,1,8,1,2,"true","-","-","true","true","true","-","-","-","true","-","Digital","-","true","-","true","-","dark souls , skyrim"
"anonymous","11/22/2020 18:48","Firefox","Ubuntu","Droichead Nua","Ireland","https://l.facebook.com/","0:04:40","-","-","-","-","-","-","true","-","-","true","-","-","true","true",3,20,6,7,5,7,8,3,7,5,9,4,3,10,10,5,1,7,4,7,7,6,3,9,"true","true","true","true","true","true","-","-","true","-","-","Disk","true","true","-","true","-","-"
"anonymous","11/22/2020 19:21","Facebook","Android","Socorro Mission Number 1 Colonia","Mexico","http://m.facebook.com/","0:03:00","-","-","-","-","-","-","-","-","-","-","true","-","-","-",1,3,8,7,7,7,9,9,10,1,7,9,3,7,6,2,1,7,1,7,6,1,6,7,"-","-","-","-","true","-","-","true","-","-","-","Digital","true","-","-","-","-","-"
"anonymous","11/22/2020 21:04","Chrome","Windows","Cork","Ireland","https://www.facebook.com/","0:03:38","-","true","-","-","-","-","true","-","-","-","true","-","-","-",20,30,7,7,9,5,7,7,8,6,9,10,5,9,9,9,3,10,8,10,10,5,9,7,"true","-","-","true","true","-","-","-","-","true","-","Digital","true","true","-","true","-","Shadow Tactics: Blade of the Shogun, Total War: Warhammer"
"anonymous","11/22/2020 21:59","Chrome","Android","Huntsville","United States","-","0:04:07","-","-","-","-","true","-","true","-","-","-","true","-","-","true",0,30,5,3,5,5,5,5,6,3,5,5,6,5,8,9,2,9,2,6,9,8,2,8,"-","-","-","true","true","true","true","-","-","true","-","Digital","true","true","true","-","-","Banished
Frostpunk
Factorio"
"anonymous","11/22/2020 22:21","Firefox","Windows","City of Westminster","United Kingdom","https://old.reddit.com/r/SampleSize/comments/jycz6l/academicvideo_game_preferences_everyone/","0:06:16","-","-","-","-","-","-","-","-","-","-","true","-","-","-",0,50,"-",2,2,2,6,2,8,1,8,10,10,8,10,4,1,10,1,6,10,10,1,10,"-","-","-","-","-","-","-","-","-","-","It depends on the game and what kind of game I want to play. Sometimes I want a good story. Sometimes I want good gameplay. Sometimes I literally don't want gameplay because I'm tired or my hands hurt. Sometimes I don't want story because it's annoying and gets  in the way of gameplay. Sometimes I want to replay a game and thus want replayability. Sometimes I want something short and story-based which usually means no replayability. Sometimes I want to relax. Sometimes I want something hard I can actually focus on. I almost never look for multiplayer, and definitely never care about graphics unless it's a purely looking-around-the-world game, like The Endless Forest, or Aer, or Feather.","Digital","-","-","-","-","A complex amalgamation of every possible way of learning whether a game is good or not that is all of the above, and many other things besides","I will always recommend Undertale and Morrowind. Mod the fuck out of Morrowind if you don't like it in vanilla. Go to /r/morrowind, they're always friendly and wiling to help a newbie out."
"anonymous","11/22/2020 22:25","Facebook","Android","Narangba","Australia","http://m.facebook.com/","0:01:53","-","-","-","-","-","-","true","-","-","-","true","-","-","-",10,50,3,2,1,3,5,3,1,1,4,2,1,4,4,6,2,1,1,1,1,1,1,2,"true","-","-","-","-","true","-","-","true","-","-","Digital","-","true","-","-","-","-"
"anonymous","11/23/2020 0:27","WebKit","iOS","West Bridgford","United Kingdom","http://m.facebook.com","0:01:28","-","-","-","-","-","-","-","-","-","-","-","true","-","true",0,2,7,5,3,5,2,3,4,4,5,3,6,7,3,5,2,4,3,3,6,5,5,7,"true","true","-","-","-","true","true","-","true","true","-","Digital","-","true","true","-","-","-"
"anonymous","11/23/2020 7:15","Chrome","Windows","Syracuse","United States","https://www.reddit.com/","0:02:05","-","-","-","-","-","-","-","-","-","true","true","-","-","-",1,8,7,6,2,2,10,6,4,2,8,2,4,7,8,7,1,3,1,1,5,6,1,8,"true","-","true","-","true","-","-","true","true","true","-","Digital","true","-","true","-","-","-"
"anonymous","11/23/2020 8:56","Facebook","Android","Dublin","Ireland","http://m.facebook.com/","0:03:07","-","-","-","-","-","-","true","true","true","-","true","-","-","-",5,20,6,5,6,4,8,4,5,5,6,7,7,6,7,6,6,7,5,6,6,7,5,8,"true","true","true","-","true","-","-","-","-","true","-","Digital","true","true","true","-","-","-"
"anonymous","11/23/2020 11:26","Chrome WebView","Android","Bezons","France","-","0:04:46","-","true","-","-","-","-","true","-","-","-","-","-","true","true",14,36,8,7,3,8,5,10,5,3,7,7,8,7,6,7,1,6,1,4,9,3,5,4,"-","-","true","-","true","-","true","true","-","-","-","Digital","true","-","-","-","-","-"
"anonymous","11/23/2020 12:38","Chrome","Windows","Rhoon","Netherlands","https://l.facebook.com/","0:01:26","-","-","-","-","-","-","-","-","-","-","-","-","-","true",6,10,10,1,1,1,1,1,1,1,1,1,1,1,10,10,1,10,1,1,1,1,1,7,"true","-","-","true","-","true","-","-","-","-","-","Digital","-","true","-","-","-","Among us"
"anonymous","11/23/2020 12:50","Chrome","Mac OS","Austin","United States","https://l.facebook.com/","0:01:26","-","-","-","-","-","-","-","-","-","-","-","-","-","true",0,2,4,1,1,1,1,1,1,1,6,1,7,7,7,7,1,3,1,1,1,4,1,1,"true","-","-","-","-","-","-","-","-","-","-","Disk","-","true","-","-","-","-"
"anonymous","11/23/2020 22:29","Chrome","Windows","Diemen","Netherlands","https://l.facebook.com/","0:02:02","-","-","-","-","-","true","-","-","-","-","-","-","-","true",1,2,1,7,8,1,1,7,2,2,9,2,1,8,3,1,1,9,10,2,1,1,5,10,"-","true","-","true","true","-","-","true","-","-","-","Digital","-","true","-","-","-","Patience"
"anonymous","11/24/2020 11:44","Facebook","Android","Cardiff","United Kingdom","http://m.facebook.com/","0:02:38","-","-","-","-","-","true","-","-","true","true","-","-","-","true",0,10,7,7,6,7,8,8,8,3,7,6,8,8,6,8,3,5,8,8,5,8,8,7,"true","-","-","-","-","-","true","-","-","true","-","Disk","-","true","-","true","-","-"
"anonymous","11/24/2020 13:05","Facebook","Android","Hamburg","Germany","http://m.facebook.com/","0:02:40","-","-","-","-","true","-","-","-","-","-","true","-","-","true",0,6,6,5,5,5,5,5,5,5,5,5,5,5,5,5,5,5,5,5,5,5,5,5,"true","true","-","true","true","-","true","-","-","-","I'd like to play a game that doesn't bug so often ","Digital","true","-","true","-","I used to work in a gaming company before, so I occasionally check out their updates. ","-"
"anonymous","11/24/2020 18:52","Chrome","Windows","Bucharest","Romania","https://l.facebook.com/","0:01:49","-","-","-","-","-","-","-","-","-","-","-","-","-","true",0,1,1,1,1,1,1,1,1,1,1,1,1,1,5,5,8,8,1,8,8,1,1,8,"true","-","-","true","-","true","-","-","true","-","-","Digital","-","true","-","-","-","n/a"
"anonymous","11/24/2020 23:08","WebKit","iOS","Bishops Stortford","United Kingdom","http://m.facebook.com","0:02:14","-","-","-","-","-","true","true","-","true","true","-","true","-","true",1,6,7,4,3,3,3,10,7,3,6,5,8,8,8,10,8,7,7,6,6,5,4,6,"true","-","-","true","true","-","true","true","true","true","-","Disk","true","true","-","true","-","-"
"anonymous","11/25/2020 6:36","Facebook","Android","Powai","India","http://m.facebook.com/","0:03:40","-","-","-","-","-","-","-","-","-","-","true","-","-","-",1,5,6,1,9,7,3,10,10,1,7,8,10,9,10,10,1,10,1,8,1,10,2,"-","true","-","-","true","true","true","-","true","-","-","-","Digital","true","true","true","-","-","Last of Us 1 
RDR 1 
Witcher 3 
Spec Ops : The Line 
Doom Eternal 
Ghost of Tsushima 
Metal Gear Solid 3 
Dead Space 1 & 2"
"anonymous","11/25/2020 10:36","Chrome","Windows","Leeuwarden","Netherlands","https://www.facebook.com/","0:04:48","-","true","-","-","-","-","-","-","-","-","true","-","-","true",2,12,8,5,5,6,4,8,4,2,9,3,1,8,9,3,2,7,5,7,7,3,8,4,"true","-","-","true","true","-","-","-","-","true","-","Disk","true","true","true","-","-","Borderlands 2
ratchet and clank 2 or 3
burnout 3"
"anonymous","11/25/2020 21:37","Chrome","Windows","Arlington","United States","-","0:01:40","-","-","-","-","-","-","true","-","-","-","-","-","-","-",0,6,8,6,4,6,7,9,8,8,4,3,1,6,4,1,3,3,6,2,2,1,3,3,"true","true","-","-","true","-","-","-","-","true","-","Disk","-","true","-","-","-","-"
"anonymous","11/25/2020 21:40","WebKit","iOS","Macclesfield","United Kingdom","http://m.facebook.com","0:01:44","-","-","true","-","-","-","-","-","-","-","-","-","-","-",0,12,7,4,2,7,7,1,2,1,7,4,7,9,5,4,2,6,8,2,6,8,8,8,"true","-","-","-","-","true","true","-","-","-","-","Digital","-","-","true","-","-","-"
"anonymous","11/26/2020 4:38","Chrome","Windows","Somerville","United States","https://l.facebook.com/","0:02:05","-","-","-","-","-","-","-","-","-","-","true","-","-","-",0,2,3,1,2,2,2,2,2,2,6,2,6,8,8,8,1,7,2,6,5,7,2,8,"true","-","-","true","true","-","true","true","-","true","-","Digital","-","true","-","-","-","-"
"anonymous","11/26/2020 9:14","Chrome","Windows","Shah Alam","Malaysia","https://l.facebook.com/","0:01:38","-","-","-","-","-","-","-","-","-","-","true","-","-","true",1,12,8,9,8,8,8,9,9,8,8,6,3,5,5,5,8,8,8,5,5,3,7,7,"true","true","true","-","true","-","true","true","true","-","-","Digital","true","true","true","true","-","-"
"anonymous","11/26/2020 11:03","Facebook","Android","Dublin","Ireland","http://m.facebook.com/","0:01:32","-","-","-","-","-","-","-","-","-","-","true","-","-","true",1,6,3,1,1,1,1,1,1,1,1,1,1,6,1,1,1,8,1,1,1,1,1,8,"true","-","-","-","-","-","true","true","true","true","-","Digital","true","true","-","-","-","-"
"anonymous","11/26/2020 15:04","Chrome","Mac OS","Harringay","United Kingdom","https://www.facebook.com/","0:02:33","-","true","-","-","-","-","-","-","-","-","-","true","-","true",0,1,4,4,4,4,4,4,10,4,10,7,10,8,10,7,3,5,6,7,7,8,7,4,"true","-","-","-","-","-","true","-","-","-","-","Digital","true","-","true","-","-","I love The last of us"
"anonymous","11/27/2020 18:52","Chrome","Windows","Atlanta","United States","https://l.facebook.com/","0:02:41","-","-","-","-","-","-","-","-","-","true","true","-","-","true",3,5,4,4,6,6,9,3,8,6,9,10,9,9,10,9,1,10,9,10,10,9,10,5,"true","true","-","-","-","true","true","-","true","true","Level up system should be in the sweet spot, not too difficult nor easy","Digital","true","true","-","-","-","My all time favourite: Rise of Nations"
"anonymous","11/27/2020 20:15","Chrome","Windows","College Point","United States","https://www.reddit.com/","0:06:20","-","-","-","-","true","-","-","-","-","-","true","-","-","-",0,10,6,3,3,3,6,8,8,6,7,8,9,7,10,4,2,6,1,5,7,9,1,3,"true","-","-","true","true","true","true","-","-","true","Cost","Digital","true","true","-","-","-","-"
